@id,building,building:levels,area_ground_m2,levels_est,area_total_m2,building_type,Qspec_kWh_m2,heating_kWh_year
way/31541541,apartments,8.0,648.8575208515015,8.0,5190.860166812012,MFH,350,1816801.058384204
way/31541542,apartments,10.0,673.0681528754869,10.0,6730.681528754869,MFH,350,2355738.535064204
way/87496409,apartments,5.0,395.4237484336416,5.0,1977.118742168208,MFH,350,691991.5597588728
way/104970036,apartments,,129.84686729313106,3.0,389.5406018793932,MFH,350,136339.21065778763
way/104970039,apartments,,85.70882545628689,3.0,257.12647636886066,MFH,150,38568.9714553291
way/104994654,apartments,,77.73646215549239,3.0,233.2093864664772,MFH,350,81623.28526326703
way/104994695,apartments,,594.4690341416939,3.0,1783.4071024250816,MFH,150,267511.06536376226
way/104994728,apartments,5.0,1517.8717638406547,5.0,7589.358819203273,MFH,350,2656275.5867211455
way/107508813,apartments,,118.9674694796494,3.0,356.9024084389482,MFH,350,124915.84295363187
way/107508818,apartments,2.0,74.8837723792251,2.0,149.7675447584502,MFH,275,41186.07480857381
way/107508819,apartments,,223.44770275166212,3.0,670.3431082549864,MFH,150,100551.46623824796
way/107508826,apartments,,286.67227252377467,3.0,860.016817571324,MFH,150,129002.52263569861
way/107508828,house,2.0,153.34642563481987,2.0,306.69285126963973,MFH,275,84340.53409915093
way/107545793,apartments,,101.04897685613456,3.0,303.1469305684037,MFH,350,106101.4256989413
way/107545797,apartments,,79.33412198260793,3.0,238.00236594782376,MFH,350,83300.82808173832
way/107545806,apartments,4.0,97.53006091050632,4.0,390.1202436420253,MFH,350,136542.08527470886
way/107545808,apartments,3.0,44.69516696682999,3.0,134.08550090048996,MFH,350,46929.92531517149
way/107545810,apartments,,50.12519886317084,3.0,150.3755965895125,MFH,275,41353.28906211594
way/107545813,apartments,,89.88768105629798,3.0,269.6630431688939,MFH,275,74157.33687144583
way/107545815,apartments,,69.35477942980476,3.0,208.0643382894143,MFH,150,31209.650743412145
way/107545817,apartments,4.0,65.48677616348614,4.0,261.94710465394456,MFH,350,91681.4866288806
way/108224873,apartments,1.0,884.6416334944547,1.0,884.6416334944547,MFH,350,309624.57172305917
way/108963160,apartments,7.0,467.06790832065377,7.0,3269.4753582445765,MFH,350,1144316.3753856018
way/110605912,apartments,,262.32332962528943,3.0,786.9699888758682,MFH,275,216416.74694086376
way/110605964,apartments,,593.9362386164556,3.0,1781.8087158493668,MFH,350,623633.0505472784
way/110606690,apartments,6.0,371.7117454106084,6.0,2230.2704724636505,MFH,350,780594.6653622777
way/110704393,apartments,,148.83170245727987,3.0,446.4951073718396,MFH,350,156273.28758014386
way/110704394,apartments,,707.2202612428994,3.0,2121.6607837286983,MFH,150,318249.11755930475
way/110704399,apartments,,242.46173108821648,3.0,727.3851932646494,MFH,350,254584.81764262728
way/110704400,apartments,5.0,99.43027609920335,5.0,497.1513804960168,MFH,350,174002.9831736059
way/110704407,apartments,,128.04995130343778,3.0,384.14985391031337,MFH,350,134452.44886860967
way/110704409,apartments,,126.0137483911225,3.0,378.04124517336754,MFH,275,103961.34242267607
way/110704410,apartments,8.0,424.55575149304826,8.0,3396.446011944386,MFH,150,509466.9017916579
way/110704418,apartments,,225.5576608783245,3.0,676.6729826349736,MFH,275,186085.07022461772
way/110704422,apartments,,106.30093121306484,3.0,318.9027936391945,MFH,275,87698.26825077849
way/110704424,apartments,,229.49071633091924,3.0,688.4721489927578,MFH,350,240965.25214746522
way/110704431,apartments,,410.6358207649296,3.0,1231.9074622947887,MFH,350,431167.61180317606
way/110704439,apartments,3.0,126.9025080815412,3.0,380.7075242446237,MFH,350,133247.63348561828
way/110704446,apartments,,135.11102011622066,3.0,405.333060348662,MFH,350,141866.5711220317
way/110704448,apartments,,335.8364257021804,3.0,1007.5092771065412,MFH,275,277065.0512042988
way/110704456,apartments,,169.3860287811281,3.0,508.1580863433843,MFH,350,177855.3302201845
way/110704463,apartments,3.0,117.33122045871492,3.0,351.9936613761447,MFH,350,123197.78148165064
way/110704464,apartments,,179.66292227285223,3.0,538.9887668185567,MFH,275,148221.9108751031
way/110704466,apartments,,129.5146403298601,3.0,388.54392098958033,MFH,350,135990.3723463531
way/110704475,apartments,,354.01733981886645,3.0,1062.0520194565993,MFH,350,371718.2068098097
way/110704476,apartments,,211.2971758311372,3.0,633.8915274934117,MFH,275,174320.17006068822
way/110704486,apartments,4.0,223.24736053415,4.0,892.9894421366,MFH,350,312546.30474781
way/110704489,apartments,,105.1453735380559,3.0,315.4361206141677,MFH,275,86744.93316889611
way/110704491,apartments,,638.2755173269867,3.0,1914.82655198096,MFH,350,670189.293193336
way/110704494,apartments,,245.40190632647636,3.0,736.205718979429,MFH,275,202456.57271934298
way/110704501,apartments,,136.87550131863816,3.0,410.6265039559145,MFH,275,112922.28858787648
way/110704504,apartments,,323.9053681560551,3.0,971.7161044681652,MFH,350,340100.63656385784
way/110704506,apartments,7.0,266.1858173608864,7.0,1863.3007215262048,MFH,150,279495.10822893074
way/110704509,apartments,,389.6108050623697,3.0,1168.832415187109,MFH,275,321428.914176455
way/110704510,apartments,,297.0944515270285,3.0,891.2833545810856,MFH,350,311949.17410337995
way/110704511,apartments,,301.9516324304849,3.0,905.8548972914548,MFH,275,249110.09675515007
way/111104572,apartments,,114.33003593779084,3.0,342.99010781337245,MFH,350,120046.53773468036
way/111104574,apartments,,137.5687603321021,3.0,412.7062809963063,MFH,350,144447.1983487072
way/111104591,apartments,,76.34697994617416,3.0,229.0409398385225,MFH,350,80164.32894348288
way/111104618,apartments,,142.78240713312888,3.0,428.3472213993866,MFH,350,149921.5274897853
way/111104672,apartments,,109.55607454167983,3.0,328.6682236250395,MFH,350,115033.87826876383
way/111104688,apartments,,200.14073763165544,3.0,600.4222128949664,MFH,350,210147.77451323823
way/111104714,apartments,,187.11029309978585,3.0,561.3308792993574,MFH,350,196465.8077547751
way/111104717,apartments,,200.5859045310163,3.0,601.757713593049,MFH,275,165483.37123808847
way/111104732,apartments,,79.50245505250248,3.0,238.50736515750745,MFH,350,83477.57780512761
way/111104738,apartments,,95.47525768194828,3.0,286.42577304584483,MFH,350,100249.02056604568
way/111109540,house,,103.38834870354668,3.0,310.16504611064,MFH,350,108557.766138724
way/111109570,apartments,,99.2792980740227,3.0,297.83789422206814,MFH,150,44675.68413331022
way/111109598,apartments,3.0,123.22019911438954,3.0,369.6605973431687,MFH,350,129381.20907010905
way/111109610,apartments,,74.99657843320506,3.0,224.9897352996152,MFH,150,33748.460294942284
way/111109620,apartments,,109.43108269695097,3.0,328.2932480908529,MFH,350,114902.63683179852
way/111109642,apartments,,112.52522105614942,3.0,337.5756631684483,MFH,350,118151.4821089569
way/111109645,apartments,,362.6750828237157,3.0,1088.025248471147,MFH,350,380808.8369649015
way/111109650,apartments,,111.84723487115711,3.0,335.5417046134714,MFH,275,92273.96876870462
way/111109658,apartments,,102.30038939506755,3.0,306.90116818520266,MFH,275,84397.82125093073
way/111109678,apartments,,115.7713935557357,3.0,347.3141806672071,MFH,275,95511.39968348196
way/111109689,house,,53.25993427490211,3.0,159.77980282470634,MFH,350,55922.93098864722
way/111691953,apartments,,129.45569755217986,3.0,388.3670926565396,MFH,150,58255.06389848094
way/111691968,apartments,,298.1522377249999,3.0,894.4567131749998,MFH,350,313059.8496112499
way/111691972,apartments,,135.38548244886582,3.0,406.1564473465975,MFH,150,60923.46710198962
way/111691998,apartments,,66.21336023716127,3.0,198.6400807114838,MFH,350,69524.02824901932
way/111692011,apartments,,189.44250728420485,3.0,568.3275218526146,MFH,150,85249.12827789219
way/111694337,apartments,,168.04862163065565,3.0,504.1458648919669,MFH,350,176451.05271218842
way/111694341,apartments,,183.85346530719224,3.0,551.5603959215767,MFH,150,82734.0593882365
way/111694343,apartments,,534.58050411606,3.0,1603.74151234818,MFH,350,561309.5293218631
way/111694344,apartments,,112.27363054374356,3.0,336.82089163123067,MFH,350,117887.31207093073
way/111694346,apartments,,189.6324694582978,3.0,568.8974083748934,MFH,350,199114.09293121268
way/111694349,apartments,,79.53064949896502,3.0,238.59194849689504,MFH,350,83507.18197391326
way/111694352,apartments,,61.69988052613335,3.0,185.09964157840005,MFH,350,64784.87455244002
way/111694357,apartments,,204.645401310575,3.0,613.936203931725,MFH,350,214877.67137610374
way/111694358,apartments,,223.33193427215932,3.0,669.9958028164781,MFH,350,234498.53098576734
way/111694360,apartments,,224.86171943254243,3.0,674.5851582976272,MFH,350,236104.80540416954
way/112666439,apartments,,71.98455061488878,3.0,215.95365184466635,MFH,350,75583.77814563323
way/113805329,apartments,,126.72484808084084,3.0,380.1745442425225,MFH,350,133061.09048488288
way/113805330,apartments,,64.31314132014268,3.0,192.93942396042803,MFH,275,53058.34158911771
way/113805332,apartments,3.0,79.97658599978172,3.0,239.9297579993452,MFH,350,83975.41529977083
way/113805336,apartments,,158.38185999860886,3.0,475.14557999582655,MFH,275,130665.0344988523
way/113805337,apartments,,85.10251428869546,3.0,255.3075428660864,MFH,350,89357.64000313025
way/113805342,apartments,3.0,108.4238979740494,3.0,325.2716939221482,MFH,350,113845.09287275186
way/113805344,apartments,,135.32262582079184,3.0,405.9678774623756,MFH,150,60895.18161935634
way/113805345,apartments,,72.04627626011806,3.0,216.13882878035415,MFH,350,75648.59007312395
way/113805347,apartments,,115.53202456545591,3.0,346.59607369636774,MFH,275,95313.92026650113
way/113805348,apartments,,106.39584645109852,3.0,319.1875393532956,MFH,275,87776.5733221563
way/113805352,apartments,,76.69546731082872,3.0,230.08640193248613,MFH,150,34512.96028987292
way/113805355,apartments,,105.2940688128828,3.0,315.88220643864844,MFH,350,110558.77225352696
way/113805356,apartments,,193.2181466695931,3.0,579.6544400087793,MFH,275,159404.9710024143
way/113805358,apartments,,90.6463416977785,3.0,271.9390250933355,MFH,350,95178.65878266742
way/113805359,apartments,5.0,227.9559800756212,5.0,1139.779900378106,MFH,350,398922.9651323371
way/113805360,apartments,,140.56022899960487,3.0,421.6806869988146,MFH,350,147588.2404495851
way/113805361,apartments,,126.10694396257148,3.0,378.32083188771446,MFH,350,132412.29116070006
way/113936147,apartments,,146.23499122190995,3.0,438.7049736657299,MFH,275,120643.86775807572
way/113936150,apartments,3.0,100.8438513985983,3.0,302.5315541957949,MFH,275,83196.1774038436
way/113936152,apartments,4.0,67.78929571326842,4.0,271.15718285307366,MFH,350,94905.01399857579
way/113936156,apartments,3.0,68.46573564365714,3.0,205.39720693097144,MFH,150,30809.581039645716
way/113936158,apartments,3.0,52.19290634865588,3.0,156.57871904596763,MFH,150,23486.807856895146
way/113936159,apartments,3.0,100.6250433764031,3.0,301.8751301292093,MFH,275,83015.66078553256
way/113936162,apartments,,123.14219450440105,3.0,369.4265835132031,MFH,350,129299.30422962109
way/113936163,apartments,3.0,83.14883505544859,3.0,249.44650516634576,MFH,350,87306.27680822101
way/113936164,apartments,,661.5492370079315,3.0,1984.6477110237947,MFH,275,545778.1205315435
way/113936165,apartments,3.0,120.16042947086926,3.0,360.4812884126078,MFH,275,99132.35431346715
way/113936166,apartments,3.0,123.8233532308155,3.0,371.4700596924465,MFH,350,130014.52089235627
way/113936169,apartments,,114.004254154013,3.0,342.012762462039,MFH,275,94053.50967706072
way/113936171,apartments,,143.28560916116135,3.0,429.856827483484,MFH,350,150449.8896192194
way/113936173,apartments,3.0,76.17133291770415,3.0,228.51399875311245,MFH,350,79979.89956358935
way/113936175,apartments,,79.02305058764358,3.0,237.06915176293077,MFH,350,82974.20311702577
way/113936177,apartments,3.0,80.87434146672545,3.0,242.62302440017635,MFH,350,84918.05854006173
way/113936178,apartments,3.0,76.8482085616979,3.0,230.5446256850937,MFH,350,80690.6189897828
way/113936179,apartments,3.0,66.82735714986738,3.0,200.48207144960213,MFH,150,30072.31071744032
way/113936180,apartments,3.0,80.3572093279435,3.0,241.07162798383047,MFH,275,66294.69769555338
way/113936185,apartments,3.0,108.93178787360904,3.0,326.7953636208271,MFH,350,114378.37726728948
way/113936186,apartments,3.0,105.365200263936,3.0,316.09560079180795,MFH,275,86926.29021774718
way/114023919,apartments,,67.80161645190896,3.0,203.40484935572687,MFH,350,71191.6972745044
way/114113291,apartments,4.0,80.51207492060433,4.0,322.04829968241734,MFH,275,88563.28241266476
way/114113304,apartments,,67.68261147227904,3.0,203.0478344168371,MFH,350,71066.74204589298
way/114113311,apartments,,68.09846604835575,3.0,204.2953981450672,MFH,350,71503.38935077352
way/114113313,apartments,,69.22226077509872,3.0,207.6667823252961,MFH,275,57108.36513945643
way/114113314,apartments,,85.21414040225446,3.0,255.64242120676337,MFH,275,70301.66583185992
way/114113335,apartments,,83.17725136293333,3.0,249.5317540888,MFH,350,87336.11393108
way/114468016,apartments,,95.1828624969332,3.0,285.5485874907996,MFH,350,99942.00562177986
way/114468018,apartments,5.0,173.02314233316196,5.0,865.1157116658098,MFH,350,302790.4990830335
way/114468020,apartments,,89.21650501704683,3.0,267.6495150511405,MFH,275,73603.61663906364
way/114468023,apartments,,99.29478608413552,3.0,297.88435825240657,MFH,350,104259.5253883423
way/114468046,apartments,,80.47395351402679,3.0,241.4218605420804,MFH,350,84497.65118972815
way/114468068,apartments,3.0,118.27673017442834,3.0,354.830190523285,MFH,350,124190.56668314975
way/114468078,apartments,,100.29130134191028,3.0,300.8739040257308,MFH,350,105305.86640900577
way/114468086,apartments,,150.9388763082116,3.0,452.8166289246348,MFH,150,67922.49433869522
way/114650738,apartments,,109.84885979615224,3.0,329.54657938845673,MFH,350,115341.30278595985
way/114650747,apartments,,111.07567417930856,3.0,333.2270225379257,MFH,350,116629.45788827399
way/114650748,apartments,,107.1926619545037,3.0,321.5779858635111,MFH,150,48236.69787952667
way/114650749,apartments,,222.293044475568,3.0,666.8791334267039,MFH,350,233407.69669934636
way/114650752,apartments,3.0,103.40491769664104,3.0,310.2147530899231,MFH,350,108575.16358147308
way/114650755,apartments,,108.8011495767689,3.0,326.4034487303067,MFH,150,48960.517309546005
way/114650756,apartments,3.0,106.09630092584374,3.0,318.28890277753123,MFH,350,111401.11597213593
way/114650758,apartments,,123.38551391516404,3.0,370.1565417454922,MFH,350,129554.78961092226
way/114650759,apartments,3.0,144.12938303685794,3.0,432.38814911057386,MFH,350,151335.85218870084
way/114666655,apartments,3.0,69.2573323466684,3.0,207.7719970400052,MFH,350,72720.19896400181
way/121741080,apartments,,65.7731785167724,3.0,197.3195355503172,MFH,350,69061.83744261102
way/121741082,apartments,2.0,34.87389845877601,2.0,69.74779691755202,MFH,150,10462.169537632803
way/121741099,apartments,,98.87162649013752,3.0,296.6148794704126,MFH,275,81569.09185436346
way/121741101,apartments,,53.16655137119645,3.0,159.49965411358934,MFH,350,55824.87893975627
way/121741103,apartments,,54.8235463065694,3.0,164.4706389197082,MFH,275,45229.425702919754
way/121741115,apartments,,108.84663839858888,3.0,326.5399151957666,MFH,150,48980.987279364985
way/124872662,apartments,,76.87929665759098,3.0,230.6378899727729,MFH,150,34595.68349591594
way/124872670,apartments,4.0,68.60516230082881,4.0,274.42064920331524,MFH,350,96047.22722116033
way/124872675,apartments,8.0,1209.2818415500476,8.0,9674.25473240038,MFH,150,1451138.209860057
way/124872684,apartments,,144.04783031621955,3.0,432.1434909486587,MFH,350,151250.22183203054
way/125294267,apartments,5.0,155.7441468950845,5.0,778.7207344754224,MFH,350,272552.25706639787
way/125294275,apartments,3.0,107.18795670451374,3.0,321.5638701135412,MFH,275,88430.06428122384
way/125294277,apartments,3.0,208.227995034708,3.0,624.683985104124,MFH,275,171788.0959036341
way/125294279,apartments,3.0,171.7718985803025,3.0,515.3156957409075,MFH,350,180360.4935093176
way/125294287,apartments,3.0,196.5132322789965,3.0,589.5396968369895,MFH,275,162123.4166301721
way/125294288,apartments,3.0,130.18082385067953,3.0,390.5424715520386,MFH,350,136689.8650432135
way/125294289,apartments,5.0,196.65846121046545,5.0,983.2923060523271,MFH,350,344152.3071183145
way/125294620,apartments,4.0,211.27261964378943,4.0,845.0904785751578,MFH,350,295781.66750130523
way/125294621,apartments,,149.17447496113948,3.0,447.5234248834184,MFH,150,67128.51373251276
way/125294622,apartments,,99.84178998176404,3.0,299.52536994529214,MFH,350,104833.87948085225
way/125294623,apartments,,107.527323719962,3.0,322.581971159886,MFH,350,112903.6899059601
way/125294628,apartments,,133.05392155468678,3.0,399.16176466406034,MFH,350,139706.6176324211
way/125294629,apartments,,153.7054824941838,3.0,461.1164474825514,MFH,350,161390.75661889298
way/125294632,apartments,,125.1576367390798,3.0,375.4729102172394,MFH,275,103255.05030974084
way/125294634,apartments,,125.04543722401688,3.0,375.1363116720506,MFH,275,103162.48570981392
way/125294642,apartments,,142.87549693439735,3.0,428.626490803192,MFH,350,150019.2717811172
way/125294643,apartments,,190.64103171025104,3.0,571.9230951307532,MFH,275,157278.85116095713
way/125294645,apartments,3.0,252.0879338671176,3.0,756.2638016013527,MFH,350,264692.33056047343
way/125294649,apartments,,130.6708614762235,3.0,392.0125844286705,MFH,350,137204.40455003467
way/125294652,apartments,,129.14137398181543,3.0,387.4241219454463,MFH,350,135598.4426809062
way/125294654,apartments,,142.328612903085,3.0,426.985838709255,MFH,350,149445.04354823925
way/125294655,apartments,,150.96405817198217,3.0,452.8921745159465,MFH,350,158512.2610805813
way/125294656,apartments,,135.67680266302045,3.0,407.03040798906136,MFH,275,111933.36219699187
way/131233735,apartments,4.0,173.42935033580778,4.0,693.7174013432311,MFH,150,104057.61020148467
way/131233758,apartments,3.0,63.980698964526376,3.0,191.94209689357916,MFH,275,52784.07664573427
way/132435766,apartments,,92.71192491984816,3.0,278.1357747595445,MFH,350,97347.52116584058
way/132435786,apartments,,107.99112318664618,3.0,323.97336955993853,MFH,350,113390.67934597848
way/132435800,apartments,,166.27810845788463,3.0,498.8343253736539,MFH,275,137179.43947775482
way/132435808,apartments,,95.22980941818956,3.0,285.6894282545687,MFH,350,99991.29988909906
way/132435830,apartments,,115.14235700774452,3.0,345.4270710232336,MFH,150,51814.060653485045
way/132474864,apartments,,100.98363213210123,3.0,302.95089639630373,MFH,275,83311.49650898353
way/132474865,house,,93.66774790895433,3.0,281.003243726863,MFH,150,42150.48655902945
way/132474866,house,,34.66427607624227,3.0,103.9928282287268,MFH,350,36397.489880054374
way/132474873,house,,47.13138363158525,3.0,141.39415089475574,MFH,350,49487.952813164506
way/132474876,apartments,,91.58429327680348,3.0,274.7528798304105,MFH,350,96163.50794064367
way/132474878,apartments,,99.82163757461694,3.0,299.46491272385083,MFH,350,104812.71945334779
way/132474879,apartments,,85.28185732231306,3.0,255.8455719669392,MFH,150,38376.835795040875
way/132474884,house,,109.21136454533888,3.0,327.63409363601664,MFH,275,90099.37574990458
way/132474885,apartments,,99.27396892496576,3.0,297.8219067748973,MFH,275,81901.02436309676
way/132474889,apartments,,95.97680212174484,3.0,287.93040636523455,MFH,150,43189.560954785185
way/132474893,apartments,,54.31768767214248,3.0,162.95306301642742,MFH,350,57033.572055749595
way/132474894,apartments,,87.39867192371776,3.0,262.19601577115327,MFH,350,91768.60551990365
way/132474896,apartments,,378.0326670045456,3.0,1134.0980010136368,MFH,350,396934.3003547729
way/132474897,house,,70.16560859750463,3.0,210.4968257925139,MFH,275,57886.62709294132
way/132474900,apartments,,94.60048368976756,3.0,283.80145106930274,MFH,275,78045.39904405826
way/132474903,house,,106.51847038933984,3.0,319.5554111680195,MFH,350,111844.39390880681
way/132474906,apartments,,106.96101286051707,3.0,320.88303858155126,MFH,350,112309.06350354294
way/132474912,apartments,,94.12704770257564,3.0,282.381143107727,MFH,275,77654.81435462492
way/132474913,house,,125.40097697996046,3.0,376.2029309398814,MFH,150,56430.439640982215
way/132474914,apartments,,66.91600902825641,3.0,200.74802708476923,MFH,350,70261.80947966923
way/132474915,apartments,,80.58225331133973,3.0,241.7467599340192,MFH,350,84611.36597690672
way/132474917,house,,88.40696204804057,3.0,265.2208861441217,MFH,275,72935.74368963347
way/132474920,apartments,,78.90216898667713,3.0,236.7065069600314,MFH,275,65094.289414008636
way/132474923,apartments,,171.8292161478396,3.0,515.4876484435188,MFH,350,180420.67695523158
way/132474928,apartments,,194.6743566123668,3.0,584.0230698371004,MFH,275,160606.3442052026
way/132474930,apartments,,273.85974974075543,3.0,821.5792492222663,MFH,350,287552.7372277932
way/132474931,apartments,,105.3588981747753,3.0,316.07669452432594,MFH,275,86921.09099418964
way/132474934,apartments,,67.57339627410042,3.0,202.72018882230125,MFH,350,70952.06608780543
way/132474938,apartments,,95.06973368965365,3.0,285.20920106896097,MFH,275,78432.53029396427
way/132474939,apartments,,69.63111421449405,3.0,208.89334264348213,MFH,275,57445.66922695759
way/132545582,apartments,,89.9984813936496,3.0,269.9954441809488,MFH,350,94498.40546333209
way/132545585,house,,65.84330948574198,3.0,197.52992845722596,MFH,350,69135.47496002908
way/132545586,house,,72.2613084765506,3.0,216.7839254296518,MFH,350,75874.37390037812
way/132545587,house,,85.82962289624302,3.0,257.4888686887291,MFH,350,90121.10404105518
way/132545588,apartments,,88.58420078599542,3.0,265.75260235798623,MFH,350,93013.41082529518
way/132545590,house,,45.53682988040528,3.0,136.61048964121585,MFH,275,37567.88465133436
way/132545591,house,,92.30815737075082,3.0,276.9244721122525,MFH,275,76154.22983086943
way/132545592,apartments,,97.15976027702403,3.0,291.4792808310721,MFH,150,43721.892124660815
way/132545593,house,,80.34592055559432,3.0,241.03776166678296,MFH,275,66285.38445836531
way/132545594,house,,55.348768470618246,3.0,166.04630541185475,MFH,350,58116.20689414916
way/132545595,house,,75.86200992699678,3.0,227.58602978099032,MFH,150,34137.904467148546
way/132545596,apartments,,100.47034427106912,3.0,301.4110328132073,MFH,275,82888.03402363202
way/132545597,apartments,,69.26115867762013,3.0,207.7834760328604,MFH,150,31167.52140492906
way/132545598,apartments,,170.01036120972913,3.0,510.0310836291874,MFH,350,178510.87927021558
way/132545600,house,,64.71928164025357,3.0,194.1578449207607,MFH,275,53393.40735320919
way/132545601,house,,113.89107494190564,3.0,341.6732248257169,MFH,350,119585.6286890009
way/132545602,apartments,,54.14749623712309,3.0,162.44248871136926,MFH,275,44671.68439562655
way/132545604,apartments,,90.67103973526297,3.0,272.0131192057888,MFH,350,95204.59172202609
way/132545605,house,,105.10935251216726,3.0,315.3280575365018,MFH,350,110364.82013777562
way/132545606,house,,73.44782044995753,3.0,220.3434613498726,MFH,150,33051.51920248089
way/132545607,apartments,,102.72036706076702,3.0,308.1611011823011,MFH,350,107856.38541380537
way/132545608,house,,63.72777864183531,3.0,191.18333592550596,MFH,350,66914.16757392709
way/132545609,apartments,,174.67180797611573,3.0,524.0154239283472,MFH,350,183405.39837492153
way/132545610,apartments,,87.47532513214958,3.0,262.42597539644873,MFH,150,39363.89630946731
way/132545613,apartments,,100.8643838569092,3.0,302.5931515707276,MFH,350,105907.60304975467
way/132545614,house,,92.60009998956386,3.0,277.80029996869155,MFH,350,97230.10498904204
way/132545615,apartments,,120.33578859502602,3.0,361.0073657850781,MFH,150,54151.104867761715
way/132545617,house,,67.96719502534954,3.0,203.9015850760486,MFH,350,71365.554776617
way/132545619,house,,90.26698462161066,3.0,270.800953864832,MFH,350,94780.33385269121
way/132545620,apartments,,48.22507520330351,3.0,144.67522560991054,MFH,350,50636.32896346869
way/132653987,apartments,,75.94157322198902,3.0,227.82471966596705,MFH,275,62651.797908140936
way/132653991,apartments,,120.93258403768355,3.0,362.79775211305065,MFH,350,126979.21323956773
way/132653995,apartments,,198.2271559858618,3.0,594.6814679575854,MFH,350,208138.51378515488
way/132653997,house,,72.34826453587166,3.0,217.044793607615,MFH,350,75965.67776266525
way/132653999,apartments,,208.907914221596,3.0,626.7237426647879,MFH,150,94008.56139971818
way/132654001,apartments,,54.8414218665386,3.0,164.52426559961577,MFH,275,45244.17303989434
way/132654003,apartments,,80.34166823120546,3.0,241.0250046936164,MFH,350,84358.75164276574
way/132654007,apartments,,92.8153011716264,3.0,278.4459035148792,MFH,350,97456.06623020773
way/132654010,apartments,,99.85265172958609,3.0,299.5579551887582,MFH,275,82378.4376769085
way/132654013,apartments,,219.04686140473788,3.0,657.1405842142136,MFH,275,180713.66065890875
way/132654014,apartments,,78.19973755698831,3.0,234.59921267096493,MFH,275,64514.783484515356
way/132654015,apartments,,93.73401834958312,3.0,281.20205504874934,MFH,275,77330.56513840608
way/132654016,apartments,,150.8267219443897,3.0,452.4801658331691,MFH,350,158368.05804160918
way/132654017,apartments,,171.51235218422968,3.0,514.537056552689,MFH,350,180087.96979344115
way/132654019,apartments,,70.45284506202438,3.0,211.35853518607317,MFH,275,58123.59717617012
way/132654021,house,,77.87876616918935,3.0,233.63629850756803,MFH,275,64249.98208958121
way/132654022,apartments,,211.81149236913416,3.0,635.4344771074026,MFH,150,95315.17156611038
way/132654027,apartments,,147.92315503846638,3.0,443.7694651153992,MFH,350,155319.31279038973
way/132654029,apartments,,98.2347830987807,3.0,294.7043492963421,MFH,350,103146.52225371974
way/132661844,apartments,,86.27495417904287,3.0,258.8248625371286,MFH,350,90588.701887995
way/132723561,apartments,,70.3904649642198,3.0,211.1713948926594,MFH,350,73909.98821243079
way/132730152,apartments,,89.08167558556079,3.0,267.2450267566824,MFH,275,73492.38235808766
way/132730164,apartments,,53.37452227840137,3.0,160.12356683520412,MFH,150,24018.535025280617
way/132730165,apartments,,90.24993385577918,3.0,270.7498015673375,MFH,275,74456.19543101781
way/132730170,apartments,,102.83373728733784,3.0,308.5012118620136,MFH,350,107975.42415170475
way/132761186,apartments,,83.89625809473499,3.0,251.68877428420492,MFH,350,88091.07099947172
way/132761187,apartments,,92.80444062894088,3.0,278.41332188682264,MFH,275,76563.66351887623
way/132761193,apartments,,87.39941271508827,3.0,262.19823814526484,MFH,275,72104.51548994784
way/132761195,apartments,,120.60444494442687,3.0,361.8133348332807,MFH,275,99498.66707915219
way/132761196,apartments,,81.62797852062265,3.0,244.88393556186796,MFH,350,85709.37744665379
way/132761203,apartments,,111.76418048647248,3.0,335.2925414594174,MFH,275,92205.44890133978
way/132761207,apartments,,65.95955481175936,3.0,197.8786644352781,MFH,275,54416.632719701476
way/132761209,apartments,,91.22726635278136,3.0,273.68179905834404,MFH,350,95788.62967042041
way/132761216,apartments,,77.03832152672706,3.0,231.1149645801812,MFH,350,80890.23760306342
way/132761217,apartments,,70.82747811328764,3.0,212.4824343398629,MFH,350,74368.852018952
way/132761219,apartments,,119.90359006288786,3.0,359.7107701886636,MFH,150,53956.615528299546
way/132761220,apartments,,77.72095154062714,3.0,233.16285462188145,MFH,350,81606.9991176585
way/132761222,apartments,,93.09926854510014,3.0,279.29780563530045,MFH,150,41894.67084529507
way/132761224,apartments,,87.99470447259746,3.0,263.9841134177924,MFH,150,39597.61701266886
way/132761230,apartments,,107.4504463577908,3.0,322.3513390733724,MFH,350,112822.96867568034
way/132761231,apartments,,73.22261346955383,3.0,219.6678404086615,MFH,275,60408.65611238191
way/132761239,apartments,,118.13718135567234,3.0,354.411544067017,MFH,350,124044.04042345595
way/132761241,apartments,,107.37080181058892,3.0,322.1124054317668,MFH,350,112739.34190111837
way/132762515,apartments,,92.9097222881067,3.0,278.7291668643201,MFH,350,97555.20840251204
way/132762527,apartments,,79.08333945709393,3.0,237.25001837128175,MFH,350,83037.50642994861
way/132762533,apartments,,87.12649608006566,3.0,261.379488240197,MFH,350,91482.82088406896
way/132805095,apartments,,87.80568391907025,3.0,263.41705175721074,MFH,350,92195.96811502376
way/132805099,apartments,,91.61958292892923,3.0,274.8587487867877,MFH,275,75586.15591636662
way/132805123,apartments,,63.93016627511307,3.0,191.79049882533923,MFH,275,52742.38717696829
way/132805127,apartments,,116.54072953320998,3.0,349.62218859963,MFH,150,52443.328289944504
way/132805134,apartments,,76.5171807498673,3.0,229.55154224960188,MFH,350,80343.03978736066
way/132805160,apartments,,80.80055781847645,3.0,242.40167345542932,MFH,350,84840.58570940026
way/132805189,apartments,,61.91209500998346,3.0,185.7362850299504,MFH,275,51077.47838323636
way/132805196,apartments,,101.51163704893864,3.0,304.53491114681594,MFH,350,106587.21890138558
way/132805198,apartments,,184.86817798800857,3.0,554.6045339640257,MFH,350,194111.58688740898
way/132805200,house,3.0,69.54893126199366,3.0,208.64679378598095,MFH,275,57377.86829114476
way/135307967,house,4.0,163.08578120924705,4.0,652.3431248369882,MFH,350,228320.09369294587
way/135307979,apartments,4.0,196.21821360869467,4.0,784.8728544347787,MFH,350,274705.4990521725
way/135307989,apartments,8.0,370.7110712221843,8.0,2965.688569777474,MFH,350,1037990.999422116
way/135400527,apartments,4.0,751.8911063688964,4.0,3007.5644254755857,MFH,275,827080.217005786
way/135402771,apartments,,257.2913896785538,3.0,771.8741690356615,MFH,275,212265.3964848069
way/135402773,apartments,,60.3028019718508,3.0,180.9084059155524,MFH,350,63317.94207044334
way/135402774,apartments,,83.47646957480246,3.0,250.42940872440735,MFH,150,37564.4113086611
way/135402776,apartments,,119.53010036422104,3.0,358.59030109266314,MFH,350,125506.6053824321
way/135402777,house,,85.4694053021369,3.0,256.4082159064107,MFH,275,70512.25937426294
way/135402780,apartments,,55.76981134011052,3.0,167.30943402033157,MFH,150,25096.415103049734
way/135402781,apartments,,54.366087391763664,3.0,163.09826217529098,MFH,350,57084.39176135184
way/135402785,apartments,,81.39414463704942,3.0,244.18243391114828,MFH,350,85463.8518689019
way/135402789,apartments,,75.76812953858291,3.0,227.30438861574876,MFH,350,79556.53601551207
way/135402790,apartments,,75.48776162537621,3.0,226.46328487612865,MFH,275,62277.40334093538
way/135402794,apartments,,74.28354173788735,3.0,222.85062521366208,MFH,275,61283.921933757076
way/135402795,apartments,,127.67146937371042,3.0,383.0144081211313,MFH,150,57452.16121816969
way/135402798,apartments,,66.93972259745459,3.0,200.81916779236377,MFH,350,70286.70872732732
way/135402799,apartments,,74.01315928980416,3.0,222.0394778694125,MFH,350,77713.81725429438
way/135402802,apartments,,92.7769198143924,3.0,278.3307594431772,MFH,350,97415.76580511202
way/135402803,apartments,,187.4331147900879,3.0,562.2993443702637,MFH,350,196804.7705295923
way/135402806,apartments,,98.4903557810829,3.0,295.4710673432487,MFH,350,103414.87357013705
way/135402808,apartments,,69.1480309114879,3.0,207.44409273446368,MFH,350,72605.43245706228
way/135402809,apartments,,493.0574294232268,3.0,1479.1722882696804,MFH,350,517710.3008943881
way/135402810,apartments,,67.11236494383367,3.0,201.33709483150105,MFH,350,70467.98319102537
way/135402811,apartments,,80.27696711951812,3.0,240.83090135855437,MFH,275,66228.49787360245
way/135402813,apartments,,154.91035042991126,3.0,464.7310512897338,MFH,275,127801.03910467679
way/135402814,apartments,,93.1642664270635,3.0,279.4927992811905,MFH,350,97822.47974841668
way/135402816,apartments,,80.56787020954627,3.0,241.7036106286388,MFH,350,84596.26372002359
way/135402817,apartments,,80.84129926212627,3.0,242.52389778637885,MFH,350,84883.3642252326
way/135402819,house,,98.85886554955864,3.0,296.57659664867595,MFH,350,103801.80882703658
way/135402820,apartments,,155.96276338055102,3.0,467.8882901416531,MFH,350,163760.9015495786
way/135896070,apartments,,54.28685417673222,3.0,162.86056253019666,MFH,275,44786.65469580408
way/135896087,apartments,,263.1283692189168,3.0,789.3851076567505,MFH,150,118407.76614851257
way/135896094,apartments,,230.43134176431755,3.0,691.2940252929527,MFH,275,190105.856955562
way/135896097,apartments,,37.94304668118858,3.0,113.82914004356572,MFH,350,39840.199015248
way/135896114,apartments,,554.0289636203025,3.0,1662.0868908609075,MFH,150,249313.03362913613
way/135968099,apartments,,187.15537025192103,3.0,561.4661107557631,MFH,350,196513.1387645171
way/135968127,apartments,9.0,1045.999252362808,9.0,9413.993271265272,MFH,275,2588848.14959795
way/136014880,house,,83.58683726951077,3.0,250.7605118085323,MFH,150,37614.07677127985
way/136014885,apartments,,47.93079402330815,3.0,143.79238206992446,MFH,150,21568.857310488667
way/136014898,apartments,,60.68604755088575,3.0,182.05814265265724,MFH,350,63720.349928430034
way/136033476,apartments,,47.34486305035367,3.0,142.034589151061,MFH,350,49712.10620287135
way/136170672,apartments,,50.526043105093606,3.0,151.57812931528082,MFH,350,53052.34526034829
way/136170695,apartments,,63.20874945372519,3.0,189.6262483611756,MFH,150,28443.93725417634
way/136170720,apartments,,95.54015018664114,3.0,286.6204505599234,MFH,275,78820.62390397894
way/136174733,apartments,,53.40569403437408,3.0,160.21708210312224,MFH,350,56075.97873609278
way/136174734,apartments,,60.48334642622865,3.0,181.45003927868595,MFH,350,63507.513747540084
way/136174736,apartments,,93.47038108085306,3.0,280.4111432425592,MFH,150,42061.67148638388
way/136174737,apartments,,124.26197320821832,3.0,372.785919624655,MFH,350,130475.07186862924
way/136174739,apartments,,87.71195157910329,3.0,263.13585473730984,MFH,150,39470.37821059648
way/136174741,apartments,,73.88018107747912,3.0,221.64054323243735,MFH,350,77574.19013135307
way/136174742,apartments,,72.06124679682318,3.0,216.18374039046955,MFH,350,75664.30913666435
way/136174744,apartments,,74.02579390055013,3.0,222.0773817016504,MFH,150,33311.60725524756
way/136174747,apartments,,57.22157093465609,3.0,171.66471280396829,MFH,350,60082.6494813889
way/136174748,apartments,,60.81405663899768,3.0,182.44216991699307,MFH,350,63854.759470947574
way/136174749,apartments,,65.1516429787946,3.0,195.4549289363838,MFH,350,68409.22512773433
way/136174754,apartments,,89.42728152170655,3.0,268.2818445651196,MFH,275,73777.5072554079
way/136174755,apartments,4.0,124.3534504086998,4.0,497.41380163479926,MFH,275,136788.7954495698
way/136174758,apartments,,59.62913532825948,3.0,178.88740598477844,MFH,275,49194.03664581407
way/136174761,apartments,,93.87623088034582,3.0,281.62869264103745,MFH,350,98570.04242436311
way/136174762,apartments,,95.17839293093466,3.0,285.535178792804,MFH,150,42830.2768189206
way/136174763,apartments,,76.29749946119486,3.0,228.89249838358455,MFH,150,34333.874757537684
way/136174764,apartments,,109.5577564674659,3.0,328.6732694023977,MFH,350,115035.64429083919
way/136174765,apartments,,52.76992635436532,3.0,158.30977906309596,MFH,350,55408.42267208359
way/136174768,apartments,,42.743510446377215,3.0,128.23053133913163,MFH,350,44880.68596869607
way/136174769,apartments,,78.81634882836532,3.0,236.44904648509595,MFH,350,82757.16626978359
way/136174773,apartments,,47.32369097080265,3.0,141.97107291240795,MFH,150,21295.660936861193
way/136174775,apartments,,94.70423668715364,3.0,284.1127100614609,MFH,350,99439.44852151132
way/136174778,apartments,,39.68736125352406,3.0,119.06208376057218,MFH,275,32742.07303415735
way/136174785,apartments,,93.26917436343936,3.0,279.80752309031806,MFH,275,76947.06884983747
way/136174787,apartments,,107.12244741037452,3.0,321.3673422311236,MFH,350,112478.56978089326
way/136174788,apartments,,79.75813090651003,3.0,239.2743927195301,MFH,350,83746.03745183554
way/136174789,apartments,,61.167343247685146,3.0,183.50202974305543,MFH,150,27525.304461458316
way/136174795,apartments,,91.48699900044068,3.0,274.460997001322,MFH,350,96061.3489504627
way/136174796,apartments,,45.2788411167044,3.0,135.8365233501132,MFH,350,47542.78317253962
way/136174798,apartments,,156.6272220194905,3.0,469.88166605847147,MFH,350,164458.58312046502
way/136174799,apartments,,80.57355232243071,3.0,241.72065696729211,MFH,350,84602.22993855223
way/136174805,apartments,,91.85158029264974,3.0,275.55474087794926,MFH,275,75777.55374143604
way/136174806,apartments,,42.48881438615594,3.0,127.46644315846784,MFH,275,35053.27186857865
way/136174807,apartments,,80.28973409891681,3.0,240.8692022967504,MFH,275,66239.03063160635
way/136174810,apartments,,128.49931259465546,3.0,385.4979377839664,MFH,350,134924.27822438822
way/136174812,apartments,,45.38652482351636,3.0,136.15957447054907,MFH,275,37443.882979400994
way/136174813,apartments,,76.22783366479332,3.0,228.68350099438,MFH,350,80039.22534803301
way/136174814,apartments,,84.68423863479157,3.0,254.0527159043747,MFH,350,88918.45056653114
way/136174817,apartments,,65.92299373244592,3.0,197.76898119733772,MFH,350,69219.1434190682
way/136386318,apartments,,101.84581146746358,3.0,305.5374344023907,MFH,150,45830.615160358604
way/136386325,apartments,,128.70457082299723,3.0,386.11371246899176,MFH,350,135139.79936414713
way/136386331,apartments,,115.01516009172512,3.0,345.0454802751753,MFH,350,120765.91809631135
way/136386342,apartments,,91.41310209042624,3.0,274.2393062712787,MFH,350,95983.75719494754
way/136387476,apartments,,86.8299485468958,3.0,260.4898456406874,MFH,350,91171.44597424059
way/136387479,apartments,,116.31482518395988,3.0,348.94447555187963,MFH,275,95959.7307767669
way/136387497,apartments,,105.58401010428987,3.0,316.7520303128697,MFH,275,87106.80833603916
way/136397151,apartments,,113.18154601486808,3.0,339.54463804460426,MFH,275,93374.77546226617
way/136397158,apartments,,115.06641720705038,3.0,345.1992516211511,MFH,350,120819.7380674029
way/136397159,apartments,,110.22694317425922,3.0,330.6808295227777,MFH,350,115738.29033297219
way/136637418,apartments,,81.49725294146234,3.0,244.491758824387,MFH,275,67235.23367670643
way/136637420,apartments,4.0,96.26424004987835,4.0,385.0569601995134,MFH,350,134769.93606982968
way/136637421,apartments,3.0,65.66476697962479,3.0,196.99430093887435,MFH,150,29549.14514083115
way/136637432,house,3.0,116.01904147729697,3.0,348.0571244318909,MFH,350,121819.99355116181
way/136637439,apartments,3.0,100.6689596947994,3.0,302.00687908439824,MFH,350,105702.40767953938
way/136637442,apartments,3.0,99.2797257048138,3.0,297.8391771144413,MFH,350,104243.71199005446
way/136637443,apartments,,90.52460725447708,3.0,271.5738217634312,MFH,350,95050.83761720093
way/136637449,apartments,,40.67093293253133,3.0,122.012798797594,MFH,350,42704.4795791579
way/136637457,apartments,,90.80152999783868,3.0,272.404589993516,MFH,350,95341.60649773061
way/136637463,apartments,3.0,111.26907219605404,3.0,333.8072165881621,MFH,275,91796.98456174457
way/136637464,apartments,3.0,116.09865219706604,3.0,348.2959565911981,MFH,350,121903.58480691933
way/136637469,apartments,,108.13344704071066,3.0,324.400341122132,MFH,350,113540.11939274619
way/136637475,apartments,,48.58011571643693,3.0,145.7403471493108,MFH,150,21861.05207239662
way/136637483,apartments,,96.82283977538845,3.0,290.46851932616534,MFH,350,101663.98176415787
way/136637487,apartments,,43.00632746470033,3.0,129.018982394101,MFH,350,45156.64383793534
way/136637491,apartments,6.0,107.55139201969185,6.0,645.3083521181511,MFH,275,177459.79683249156
way/136637492,apartments,,66.17920010643196,3.0,198.5376003192959,MFH,275,54597.84008780638
way/136637497,apartments,,77.03117801255664,3.0,231.0935340376699,MFH,350,80882.73691318448
way/136637498,apartments,,87.91881769396056,3.0,263.75645308188166,MFH,150,39563.46796228225
way/136637501,apartments,,151.07279363665876,3.0,453.2183809099763,MFH,150,67982.75713649644
way/136637509,apartments,4.0,100.91415139943317,4.0,403.6566055977327,MFH,350,141279.81195920645
way/136637511,apartments,,68.80465329754688,3.0,206.41395989264063,MFH,350,72244.88596242422
way/136637516,apartments,,45.423585952345945,3.0,136.27075785703784,MFH,350,47694.765249963246
way/136637517,apartments,,93.10864317566964,3.0,279.3259295270089,MFH,350,97764.07533445311
way/136637520,apartments,3.0,230.7561358296719,3.0,692.2684074890158,MFH,350,242293.94262115553
way/136637521,apartments,,48.0849680901074,3.0,144.2549042703222,MFH,350,50489.216494612774
way/136637522,apartments,,74.61553468347972,3.0,223.8466040504392,MFH,350,78346.31141765372
way/136637532,apartments,,66.98756278733127,3.0,200.9626883619938,MFH,275,55264.739299548295
way/136637534,apartments,3.0,95.58536250738176,3.0,286.7560875221452,MFH,350,100364.63063275082
way/136637538,apartments,,116.80199924728814,3.0,350.40599774186444,MFH,275,96361.64937901273
way/136637541,apartments,3.0,94.97647941970962,3.0,284.92943825912886,MFH,275,78355.59552126043
way/136637543,apartments,3.0,107.71206596503556,3.0,323.13619789510665,MFH,350,113097.66926328733
way/136637547,apartments,,80.88708003471305,3.0,242.66124010413915,MFH,350,84931.4340364487
way/136637550,apartments,3.0,194.9991244084942,3.0,584.9973732254825,MFH,275,160874.2776370077
way/136637551,apartments,3.0,89.87176302211905,3.0,269.61528906635715,MFH,350,94365.351173225
way/136653311,apartments,,133.91663329866438,3.0,401.7498998959932,MFH,350,140612.46496359762
way/136653313,apartments,,78.00714222476918,3.0,234.02142667430755,MFH,350,81907.49933600765
way/136653315,apartments,,122.90906504728686,3.0,368.7271951418606,MFH,350,129054.5182996512
way/136653317,apartments,4.0,77.71785655890791,4.0,310.87142623563165,MFH,275,85489.6422147987
way/136653324,apartments,,140.83509071296004,3.0,422.5052721388801,MFH,350,147876.84524860804
way/136653332,apartments,3.0,68.07469098598588,3.0,204.22407295795765,MFH,350,71478.42553528518
way/136653337,apartments,,116.95548433582748,3.0,350.86645300748245,MFH,350,122803.25855261886
way/136653343,house,,61.13139606794032,3.0,183.39418820382096,MFH,350,64187.965871337336
way/136653345,apartments,,89.22317740392455,3.0,267.6695322117737,MFH,350,93684.3362741208
way/136653346,house,3.0,67.30476437326217,3.0,201.9142931197865,MFH,350,70670.00259192527
way/136653355,apartments,,196.5946490394777,3.0,589.7839471184332,MFH,275,162190.58545756913
way/136653367,apartments,,113.818889603195,3.0,341.45666880958504,MFH,275,93900.58392263588
way/136653374,apartments,,77.89035477000188,3.0,233.67106431000565,MFH,350,81784.87250850198
way/136653424,apartments,,70.36512353621997,3.0,211.0953706086599,MFH,350,73883.37971303097
way/136653426,apartments,,125.86593361493136,3.0,377.5978008447941,MFH,350,132159.23029567793
way/136653431,apartments,,157.55750149396428,3.0,472.6725044818928,MFH,275,129984.93873252052
way/136653437,apartments,,158.77951271089677,3.0,476.3385381326903,MFH,350,166718.48834644162
way/136785320,apartments,5.0,143.19822060750343,5.0,715.9911030375172,MFH,275,196897.55333531724
way/136785328,apartments,,76.19059686210787,3.0,228.5717905863236,MFH,275,62857.24241123899
way/136785346,apartments,,93.93658555687074,3.0,281.8097566706122,MFH,350,98633.41483471428
way/136785347,apartments,4.0,52.09035261360757,4.0,208.36141045443023,MFH,350,72926.49365905058
way/136785356,apartments,,128.04263576352133,3.0,384.127907290564,MFH,275,105635.1745049051
way/136785357,apartments,,80.46425998107196,3.0,241.39277994321588,MFH,350,84487.47298012556
way/136785363,apartments,,75.78916185115781,3.0,227.36748555347344,MFH,350,79578.6199437157
way/136785368,apartments,,126.30327469251202,3.0,378.9098240775361,MFH,350,132618.43842713762
way/136785376,apartments,3.0,134.59164408141393,3.0,403.77493224424177,MFH,350,141321.22628548462
way/136785381,apartments,3.0,62.71391312176592,3.0,188.14173936529772,MFH,275,51738.978325456876
way/136785389,apartments,,155.20228296952706,3.0,465.6068489085812,MFH,350,162962.39711800343
way/136785391,apartments,,66.83759718253893,3.0,200.5127915476168,MFH,275,55141.01767559462
way/136785413,apartments,,119.8517946338068,3.0,359.55538390142044,MFH,350,125844.38436549716
way/136785420,apartments,,111.35426848198576,3.0,334.0628054459573,MFH,350,116921.98190608504
way/136785421,apartments,4.0,153.35238118209622,4.0,613.4095247283849,MFH,150,92011.42870925773
way/136785423,apartments,3.0,63.91294801900657,3.0,191.7388440570197,MFH,275,52728.182115680414
way/136785426,apartments,,104.9887675090693,3.0,314.9663025272079,MFH,150,47244.94537908119
way/136785427,apartments,5.0,153.75749943267272,5.0,768.7874971633636,MFH,350,269075.62400717725
way/136785434,apartments,,90.80233835186816,3.0,272.4070150556045,MFH,350,95342.45526946158
way/136785436,apartments,4.0,56.75393882885998,4.0,227.01575531543992,MFH,350,79455.51436040398
way/136785443,apartments,,85.43292404395328,3.0,256.29877213185983,MFH,350,89704.57024615094
way/136936384,apartments,,45.47593290855686,3.0,136.42779872567058,MFH,350,47749.729553984704
way/136936388,residential,,44.735764724070144,3.0,134.20729417221042,MFH,150,20131.094125831565
way/136936390,apartments,,100.49485824060028,3.0,301.4845747218008,MFH,350,105519.60115263029
way/136936395,apartments,,85.86477984181317,3.0,257.5943395254395,MFH,350,90158.01883390383
way/136936397,apartments,,53.86640624955573,3.0,161.5992187486672,MFH,350,56559.72656203352
way/136936411,apartments,,49.90478993037392,3.0,149.71436979112178,MFH,350,52400.02942689262
way/136936420,apartments,,48.67422632096896,3.0,146.0226789629069,MFH,150,21903.401844436034
way/136936422,apartments,,80.51815087765725,3.0,241.55445263297173,MFH,150,36233.16789494576
way/136936435,house,,115.6861480331589,3.0,347.0584440994767,MFH,150,52058.7666149215
way/136936440,house,,110.08686972801176,3.0,330.2606091840353,MFH,350,115591.21321441235
way/136936455,apartments,,46.88316252030854,3.0,140.64948756092562,MFH,150,21097.423134138844
way/136936459,apartments,,52.106872418088926,3.0,156.32061725426678,MFH,150,23448.092588140018
way/136936466,apartments,,46.72897212176424,3.0,140.18691636529277,MFH,350,49065.42072785247
way/136936474,apartments,,150.30063487664611,3.0,450.9019046299384,MFH,350,157815.66662047844
way/136936479,apartments,,113.81191395132568,3.0,341.4357418539771,MFH,350,119502.50964889198
way/136936480,apartments,,83.47827479445158,3.0,250.43482438335477,MFH,350,87652.18853417417
way/136936484,apartments,,97.52871645105672,3.0,292.5861493531702,MFH,350,102405.15227360956
way/136936496,apartments,,61.293910538736704,3.0,183.8817316162101,MFH,350,64358.60606567353
way/136936500,apartments,,80.33111466454815,3.0,240.9933439936445,MFH,350,84347.67039777557
way/136936511,house,,109.85138288309334,3.0,329.55414864928,MFH,150,49433.122297392
way/136936521,apartments,,141.5704480838115,3.0,424.7113442514345,MFH,275,116795.6196691445
way/136936524,apartments,,91.84524417369268,3.0,275.5357325210781,MFH,350,96437.50638237734
way/136981403,apartments,,131.18325712955183,3.0,393.5497713886555,MFH,350,137742.41998602942
way/136981426,apartments,,68.68409498634111,3.0,206.05228495902327,MFH,275,56664.3783637314
way/136981428,apartments,,62.81650799821559,3.0,188.4495239946468,MFH,150,28267.42859919702
way/137041150,apartments,,68.20040188567197,3.0,204.6012056570159,MFH,275,56265.331555679375
way/137046393,apartments,3.0,73.43211751482983,3.0,220.29635254448948,MFH,350,77103.72339057132
way/137118876,apartments,,1035.1321499443025,3.0,3105.396449832908,MFH,350,1086888.7574415177
way/137118885,house,,83.4366759990071,3.0,250.31002799702128,MFH,350,87608.50979895744
way/137118888,house,,61.848698022152725,3.0,185.54609406645815,MFH,350,64941.13292326035
way/137118891,house,,108.8174366327872,3.0,326.4523098983616,MFH,350,114258.30846442656
way/137118894,house,,99.61522873759472,3.0,298.8456862127842,MFH,350,104595.99017447447
way/137118896,house,,83.2709194250736,3.0,249.8127582752208,MFH,350,87434.46539632729
way/137118897,house,,67.29394976524233,3.0,201.881849295727,MFH,350,70658.64725350444
way/137118899,apartments,,100.336322178062,3.0,301.008966534186,MFH,150,45151.344980127906
way/137118900,house,,159.19270125125038,3.0,477.5781037537512,MFH,150,71636.71556306268
way/137118901,house,,116.72974443457603,3.0,350.1892333037281,MFH,150,52528.384995559216
way/137118905,house,,124.87248913532568,3.0,374.617467405977,MFH,350,131116.11359209195
way/137118908,house,,87.0283049028871,3.0,261.0849147086613,MFH,350,91379.72014803145
way/137118912,house,,54.63274308199137,3.0,163.8982292459741,MFH,275,45072.01304264288
way/137118917,house,,62.786796224653045,3.0,188.36038867395916,MFH,350,65926.1360358857
way/137118918,apartments,,55.1451492967611,3.0,165.43544789028329,MFH,350,57902.40676159915
way/137190466,apartments,,85.97762916019231,3.0,257.93288748057694,MFH,150,38689.93312208654
way/137190470,apartments,3.0,73.03297323449954,3.0,219.0989197034986,MFH,275,60252.20291846212
way/137190472,apartments,,100.06574081034552,3.0,300.1972224310366,MFH,350,105069.02785086281
way/137190474,apartments,3.0,108.30004036832366,3.0,324.900121104971,MFH,350,113715.04238673985
way/137190478,apartments,,191.51694423486265,3.0,574.550832704588,MFH,350,201092.79144660578
way/137190481,apartments,3.0,68.6054137626235,3.0,205.8162412878705,MFH,150,30872.436193180576
way/137190483,apartments,,68.78491769280171,3.0,206.35475307840517,MFH,350,72224.16357744181
way/137190484,apartments,3.0,99.91131886263425,3.0,299.7339565879027,MFH,350,104906.88480576595
way/137190488,apartments,3.0,84.11715663930724,3.0,252.3514699179217,MFH,150,37852.72048768825
way/137241349,apartments,,351.4378083223195,3.0,1054.3134249669583,MFH,350,369009.6987384354
way/137333499,apartments,,52.645673972421584,3.0,157.93702191726476,MFH,350,55277.95767104266
way/137333507,apartments,,68.57445425528184,3.0,205.7233627658455,MFH,350,72003.17696804593
way/137333516,apartments,,101.3331937515644,3.0,303.9995812546932,MFH,350,106399.85343914262
way/137333519,apartments,,78.32542101187373,3.0,234.9762630356212,MFH,350,82241.69206246742
way/137333523,apartments,,89.75303033728802,3.0,269.2590910118641,MFH,275,74046.25002826263
way/137333543,apartments,,89.69808834746713,3.0,269.0942650424014,MFH,350,94182.99276484048
way/137333545,apartments,,79.61074009146903,3.0,238.83222027440704,MFH,350,83591.27709604247
way/137422884,apartments,4.0,78.51236377964293,4.0,314.0494551185717,MFH,275,86363.60015760722
way/137422907,apartments,3.0,143.4744242971158,3.0,430.4232728913474,MFH,275,118366.40004512054
way/137422955,apartments,4.0,94.89488792816992,4.0,379.5795517126797,MFH,350,132852.8430994379
way/137453767,apartments,,69.9986400197315,3.0,209.99592005919448,MFH,350,73498.57202071807
way/137453782,apartments,,66.55263190128613,3.0,199.6578957038584,MFH,275,54905.92131856106
way/137453796,apartments,3.0,89.7317805718101,3.0,269.19534171543035,MFH,275,74028.71897174335
way/137453798,apartments,,76.60323398487303,3.0,229.80970195461907,MFH,350,80433.39568411668
way/137470111,apartments,,220.79039842129575,3.0,662.3711952638873,MFH,275,182152.07869756903
way/137470159,apartments,5.0,172.44355966436837,5.0,862.2177983218419,MFH,275,237109.89453850652
way/137474156,apartments,,106.15885196868524,3.0,318.4765559060557,MFH,350,111466.79456711949
way/137501721,house,,195.04686886813676,3.0,585.1406066044102,MFH,150,87771.09099066153
way/137502544,house,3.0,252.810740750386,3.0,758.432222251158,MFH,150,113764.8333376737
way/137684290,apartments,,128.94111122787453,3.0,386.8233336836236,MFH,275,106376.4167629965
way/137684296,apartments,,105.17629026510852,3.0,315.5288707953256,MFH,350,110435.10477836395
way/137684302,apartments,,99.91191370593803,3.0,299.73574111781414,MFH,350,104907.50939123495
way/137684348,apartments,,115.20408452356118,3.0,345.61225357068355,MFH,150,51841.83803560253
way/137684365,apartments,,46.64805297555813,3.0,139.9441589266744,MFH,350,48980.455624336035
way/137684385,apartments,,343.4055837133625,3.0,1030.2167511400876,MFH,275,283309.6065635241
way/137816103,house,,85.15556193301674,3.0,255.46668579905025,MFH,350,89413.34002966758
way/137932679,apartments,,72.71919224848519,3.0,218.1575767454556,MFH,275,59993.33360500029
way/137932722,apartments,,73.98192022745786,3.0,221.9457606823736,MFH,350,77681.01623883075
way/137932730,residential,,84.00253599960391,3.0,252.0076079988117,MFH,275,69302.09219967322
way/137932734,apartments,,67.81988273535767,3.0,203.45964820607296,MFH,275,55951.40325667006
way/137933950,apartments,,78.979617540879,3.0,236.938852622637,MFH,350,82928.59841792296
way/137944896,apartments,,74.9582092793872,3.0,224.8746278381616,MFH,275,61840.52265549444
way/137944915,apartments,,81.52191796416902,3.0,244.56575389250708,MFH,150,36684.86308387606
way/137944917,apartments,,45.17066596767285,3.0,135.51199790301857,MFH,150,20326.799685452785
way/137944927,house,,47.34121774636488,3.0,142.02365323909464,MFH,275,39056.50464075102
way/138098464,apartments,3.0,66.42861087133016,3.0,199.2858326139905,MFH,275,54803.60396884738
way/138098470,apartments,,51.44985636456786,3.0,154.3495690937036,MFH,350,54022.34918279626
way/138098485,apartments,,79.46372291552431,3.0,238.39116874657293,MFH,275,65557.57140530755
way/138098496,apartments,,76.06633662545232,3.0,228.19900987635697,MFH,350,79869.65345672493
way/138098504,apartments,,82.63379287119234,3.0,247.90137861357704,MFH,350,86765.48251475196
way/138098517,apartments,,95.96253843095424,3.0,287.88761529286273,MFH,350,100760.66535250195
way/138182231,apartments,,94.34128004492716,3.0,283.02384013478144,MFH,350,99058.34404717351
way/138207050,apartments,,184.56249111311047,3.0,553.6874733393314,MFH,350,193790.615668766
way/138712324,apartments,,186.33552512439596,3.0,559.0065753731878,MFH,275,153726.80822762667
way/138712335,apartments,,85.26905015500462,3.0,255.80715046501388,MFH,150,38371.07256975208
way/138712356,apartments,,206.6677161364368,3.0,620.0031484093104,MFH,350,217001.10194325863
way/138717613,apartments,,149.75252094392113,3.0,449.2575628317634,MFH,350,157240.1469911172
way/138717620,apartments,,136.10828164864205,3.0,408.32484494592615,MFH,350,142913.69573107414
way/138915186,apartments,,65.51192876052383,3.0,196.5357862815715,MFH,350,68787.52519855002
way/138915188,apartments,,37.74843213894178,3.0,113.24529641682534,MFH,275,31142.456514626967
way/138915189,apartments,,77.89165636536576,3.0,233.6749690960973,MFH,350,81786.23918363405
way/138915195,apartments,,74.58234176577152,3.0,223.74702529731456,MFH,350,78311.4588540601
way/138915196,apartments,,76.96956189752572,3.0,230.9086856925772,MFH,350,80818.03999240202
way/138915199,apartments,,75.42600336509514,3.0,226.27801009528545,MFH,350,79197.30353334991
way/138915201,apartments,,83.49038400987865,3.0,250.471152029636,MFH,350,87664.90321037259
way/138915203,apartments,5.0,45.74471583789816,5.0,228.7235791894908,MFH,275,62898.98427710997
way/138915205,apartments,,106.29402586703276,3.0,318.8820776010983,MFH,275,87692.57134030202
way/138915208,apartments,,88.5712162864097,3.0,265.71364885922907,MFH,350,92999.77710073018
way/138915218,apartments,,41.062604458283054,3.0,123.18781337484916,MFH,275,33876.64867808352
way/138915229,apartments,,71.2647014059691,3.0,213.7941042179073,MFH,275,58793.37865992451
way/138915231,apartments,,160.75042665772438,3.0,482.2512799731732,MFH,350,168787.9479906106
way/138915242,apartments,3.0,73.94010056348351,3.0,221.82030169045052,MFH,150,33273.04525356758
way/138916574,apartments,,129.8861733461432,3.0,389.6585200384296,MFH,350,136380.48201345035
way/138916613,house,,51.64152949539981,3.0,154.9245884861994,MFH,275,42604.26183370484
way/138916614,apartments,,77.93223540472465,3.0,233.79670621417395,MFH,350,81828.84717496089
way/138916621,apartments,,78.57749827031097,3.0,235.7324948109329,MFH,150,35359.87422163993
way/138916623,apartments,,72.01517836161673,3.0,216.0455350848502,MFH,275,59412.5221483338
way/138917462,apartments,,71.22655081287238,3.0,213.67965243861715,MFH,350,74787.878353516
way/138925780,apartments,,100.2695375928832,3.0,300.8086127786496,MFH,350,105283.01447252736
way/138925787,apartments,,57.23174467175447,3.0,171.6952340152634,MFH,350,60093.33190534219
way/138925788,apartments,,52.753135173381146,3.0,158.25940552014345,MFH,275,43521.33651803945
way/138925790,apartments,,65.1970589892873,3.0,195.59117696786188,MFH,350,68456.91193875165
way/138925793,apartments,,72.80745304179914,3.0,218.4223591253974,MFH,275,60066.148759484284
way/138925798,apartments,,92.02200408830174,3.0,276.0660122649052,MFH,275,75918.15337284893
way/138925799,apartments,,112.85409685133511,3.0,338.56229055400536,MFH,275,93104.62990235147
way/138925801,apartments,,69.96501179490097,3.0,209.8950353847029,MFH,275,57721.1347307933
way/138925807,apartments,,74.21677484413888,3.0,222.65032453241665,MFH,350,77927.61358634583
way/138925812,apartments,,71.7571052031405,3.0,215.2713156094215,MFH,350,75344.96046329752
way/138925813,apartments,,83.54126400937182,3.0,250.62379202811545,MFH,150,37593.56880421731
way/138925815,apartments,,160.27355144036122,3.0,480.8206543210837,MFH,150,72123.09814816255
way/138925822,apartments,,86.78225935591824,3.0,260.3467780677547,MFH,350,91121.37232371415
way/138925824,apartments,,80.96190200363975,3.0,242.88570601091925,MFH,275,66793.5691530028
way/138925825,apartments,,56.235458373813614,3.0,168.70637512144083,MFH,350,59047.23129250429
way/138925828,apartments,,63.58944711336887,3.0,190.76834134010664,MFH,275,52461.29386852933
way/138925830,apartments,,63.00220121311789,3.0,189.00660363935367,MFH,350,66152.31127377378
way/138925831,apartments,,81.13496054948587,3.0,243.4048816484576,MFH,350,85191.70857696015
way/138925833,apartments,,75.78370832467326,3.0,227.35112497401977,MFH,275,62521.559367855436
way/138925835,apartments,,72.81138753522417,3.0,218.4341626056725,MFH,350,76451.95691198537
way/138925836,apartments,,45.82509454134805,3.0,137.47528362404415,MFH,350,48116.349268415455
way/138925841,apartments,,49.27879036832768,3.0,147.83637110498304,MFH,150,22175.455665747457
way/138925842,apartments,,103.20513729676308,3.0,309.61541189028924,MFH,150,46442.31178354339
way/138925843,apartments,,39.241404097188806,3.0,117.72421229156642,MFH,350,41203.47430204825
way/138925847,apartments,,168.7054697412779,3.0,506.1164092238337,MFH,350,177140.7432283418
way/138925850,apartments,,73.67336744714686,3.0,221.02010234144055,MFH,350,77357.03581950419
way/138925851,apartments,,63.74580993261607,3.0,191.23742979784825,MFH,350,66933.10042924689
way/138925858,apartments,,75.88218895856627,3.0,227.6465668756988,MFH,350,79676.29840649458
way/138925864,apartments,,78.73819375230408,3.0,236.21458125691225,MFH,350,82675.10343991929
way/138925867,apartments,,104.72800872939196,3.0,314.1840261881759,MFH,275,86400.60720174837
way/138926540,apartments,,77.18446376535864,3.0,231.55339129607592,MFH,275,63677.18260642088
way/138946174,apartments,,181.70777659810236,3.0,545.123329794307,MFH,150,81768.49946914605
way/138946190,apartments,3.0,110.44349030414284,3.0,331.3304709124285,MFH,350,115965.66481934997
way/144473559,apartments,,161.5667673242976,3.0,484.7003019728928,MFH,150,72705.04529593392
way/144473561,apartments,,71.38269118352746,3.0,214.14807355058235,MFH,150,32122.211032587355
way/144473562,apartments,,79.42820933273738,3.0,238.28462799821216,MFH,350,83399.61979937425
way/144473564,apartments,,87.72812436395407,3.0,263.1843730918622,MFH,150,39477.65596377933
way/144473565,apartments,,81.52813624034553,3.0,244.5844087210366,MFH,350,85604.5430523628
way/144473566,apartments,,38.36674159909806,3.0,115.1002247972942,MFH,350,40285.078679052975
way/144473567,apartments,,60.77903480094642,3.0,182.3371044028393,MFH,275,50142.70371078081
way/144473569,apartments,,103.28055949616798,3.0,309.841678488504,MFH,350,108444.58747097639
way/144473571,apartments,,57.714611777469045,3.0,173.14383533240715,MFH,150,25971.575299861073
way/144473573,apartments,,86.0864813802889,3.0,258.2594441408667,MFH,350,90390.80544930336
way/144473576,apartments,,57.50763555002813,3.0,172.5229066500844,MFH,350,60383.01732752954
way/144473578,apartments,,103.08718227746822,3.0,309.26154683240463,MFH,275,85046.92537891127
way/144473586,apartments,,70.12943710985407,3.0,210.3883113295622,MFH,350,73635.90896534678
way/144473593,apartments,,57.75188728941859,3.0,173.25566186825577,MFH,350,60639.48165388952
way/144473600,apartments,,68.43708493065955,3.0,205.31125479197863,MFH,275,56460.59506779412
way/144473606,apartments,,136.38284846855856,3.0,409.1485454056757,MFH,350,143201.9908919865
way/157912412,apartments,,205.8305431281256,3.0,617.4916293843767,MFH,275,169810.1980807036
way/157912415,apartments,,126.09101274108598,3.0,378.2730382232579,MFH,350,132395.56337814027
way/157912416,apartments,,101.2414782075782,3.0,303.7244346227346,MFH,350,106303.55211795711
way/157912417,apartments,,151.0441966210156,3.0,453.1325898630468,MFH,350,158596.40645206638
way/157912418,apartments,,95.39604683548092,3.0,286.1881405064428,MFH,350,100165.84917725498
way/157912419,apartments,,92.56855493324998,3.0,277.70566479975,MFH,350,97196.98267991251
way/157912420,apartments,,93.61983546789638,3.0,280.8595064036891,MFH,350,98300.82724129119
way/157912421,apartments,,94.62481934840817,3.0,283.87445804522446,MFH,275,78065.47596243673
way/157912424,apartments,,100.93898534235991,3.0,302.8169560270797,MFH,350,105985.93460947789
way/157912425,apartments,,124.28337943144008,3.0,372.8501382943202,MFH,350,130497.54840301206
way/157912426,apartments,,91.66477441254852,3.0,274.9943232376455,MFH,350,96248.01313317593
way/157912427,apartments,,70.46187704348412,3.0,211.3856311304524,MFH,275,58131.048560874406
way/157912428,apartments,,77.63224037313417,3.0,232.8967211194025,MFH,275,64046.598307835695
way/157912431,apartments,,107.34778509459258,3.0,322.0433552837777,MFH,275,88561.92270303887
way/157912433,apartments,,148.2475338138328,3.0,444.7426014414984,MFH,350,155659.91050452442
way/157912434,apartments,,183.3490601071042,3.0,550.0471803213127,MFH,350,192516.51311245945
way/157912435,apartments,,100.01610140753156,3.0,300.04830422259465,MFH,350,105016.90647790812
way/157912436,apartments,,86.05338690705584,3.0,258.1601607211676,MFH,350,90356.05625240866
way/157912437,apartments,,103.1067328770724,3.0,309.3201986312172,MFH,150,46398.029794682574
way/157912438,apartments,,85.91620821967062,3.0,257.74862465901185,MFH,150,38662.293698851776
way/157912439,apartments,,108.60720235805115,3.0,325.82160707415346,MFH,350,114037.56247595372
way/157912440,apartments,,149.95139891364713,3.0,449.85419674094135,MFH,350,157448.96885932947
way/157912445,apartments,,209.1575556078751,3.0,627.4726668236253,MFH,150,94120.9000235438
way/157912447,apartments,,159.6702781658907,3.0,479.0108344976721,MFH,275,131727.9794868598
way/157912452,apartments,,147.9116768340017,3.0,443.7350305020051,MFH,275,122027.1333880514
way/158013679,apartments,,81.7476336793284,3.0,245.2429010379852,MFH,350,85835.01536329482
way/158013681,apartments,,191.7000210253642,3.0,575.1000630760926,MFH,350,201285.02207663242
way/158013687,apartments,,122.66561947874114,3.0,367.9968584362234,MFH,350,128798.9004526782
way/158013693,apartments,,115.00921675387475,3.0,345.0276502616243,MFH,350,120759.6775915685
way/158013694,apartments,,79.16092717942176,3.0,237.48278153826527,MFH,350,83118.97353839285
way/158013701,apartments,,139.52245011955952,3.0,418.5673503586786,MFH,275,115106.02134863661
way/158013702,apartments,,185.39658622928988,3.0,556.1897586878697,MFH,150,83428.46380318045
way/158013708,apartments,,79.07895983849832,3.0,237.23687951549496,MFH,275,65240.141866761114
way/158013712,apartments,,170.6726324841677,3.0,512.0178974525031,MFH,275,140804.92179943837
way/158013713,apartments,,110.13378079835464,3.0,330.4013423950639,MFH,150,49560.20135925959
way/158013715,apartments,,94.0501768934771,3.0,282.1505306804313,MFH,275,77591.3959371186
way/158182647,apartments,,63.30579651767338,3.0,189.91738955302012,MFH,350,66471.08634355704
way/158182652,apartments,,138.92089949199533,3.0,416.762698475986,MFH,350,145866.9444665951
way/158208201,apartments,,87.36846940659541,3.0,262.1054082197862,MFH,275,72078.98726044121
way/158208205,apartments,,179.31975301598337,3.0,537.9592590479501,MFH,350,188285.74066678254
way/158208214,apartments,,64.23647597933618,3.0,192.70942793800853,MFH,275,52995.092682952345
way/158208215,apartments,,77.14552245594248,3.0,231.43656736782745,MFH,350,81002.7985787396
way/158208218,apartments,,173.0512596994736,3.0,519.1537790984208,MFH,275,142767.28925206573
way/158323484,apartments,,148.45127645686551,3.0,445.3538293705965,MFH,350,155873.84027970876
way/158323495,apartments,,119.23316373671808,3.0,357.6994912101542,MFH,350,125194.82192355396
way/158323508,apartments,,154.60107959762473,3.0,463.8032387928742,MFH,350,162331.13357750597
way/158329551,residential,,52.1347742338305,3.0,156.40432270149148,MFH,350,54741.512945522016
way/158329552,residential,,33.2314145627575,3.0,99.69424368827252,MFH,350,34892.98529089538
way/158329553,residential,,48.06025848238575,3.0,144.18077544715726,MFH,150,21627.11631707359
way/158329559,residential,,52.06994279799206,3.0,156.20982839397618,MFH,275,42957.70280834345
way/158331596,apartments,,65.48223764878873,3.0,196.44671294636615,MFH,150,29467.00694195492
way/158331598,apartments,,97.36986416635042,3.0,292.10959249905125,MFH,275,80330.1379372391
way/158331600,apartments,,73.78957103067324,3.0,221.36871309201973,MFH,350,77479.0495822069
way/158331601,apartments,,146.3390391471062,3.0,439.01711744131865,MFH,275,120729.70729636263
way/158331603,apartments,,59.85220606499888,3.0,179.55661819499662,MFH,275,49378.07000362407
way/158331604,apartments,,92.47272512549915,3.0,277.4181753764975,MFH,150,41612.72630647463
way/158331607,apartments,,85.44572170580223,3.0,256.3371651174067,MFH,275,70492.72040728685
way/158331608,apartments,,90.07528214314158,3.0,270.22584642942473,MFH,350,94579.04625029866
way/158331612,apartments,,228.3268635753845,3.0,684.9805907261534,MFH,350,239743.2067541537
way/158331614,apartments,,66.0825402531877,3.0,198.24762075956312,MFH,350,69386.66726584709
way/158331616,apartments,,112.86619172648692,3.0,338.59857517946074,MFH,350,118509.50131281126
way/158331621,apartments,,307.2888945301245,3.0,921.8666835903734,MFH,275,253513.3379873527
way/158331628,apartments,,129.94844744042024,3.0,389.8453423212607,MFH,350,136445.86981244126
way/158331629,apartments,,124.51627176978076,3.0,373.5488153093423,MFH,350,130742.08535826979
way/158331631,apartments,,103.70050833207073,3.0,311.1015249962121,MFH,350,108885.53374867424
way/158331633,apartments,,91.17942902628884,3.0,273.5382870788665,MFH,350,95738.40047760328
way/158331634,apartments,,66.64511594486412,3.0,199.93534783459236,MFH,350,69977.37174210732
way/158331640,apartments,,128.70179985130943,3.0,386.1053995539283,MFH,350,135136.8898438749
way/158331641,apartments,,239.10143567803576,3.0,717.3043070341073,MFH,275,197258.6844343795
way/158331645,apartments,,168.188752955377,3.0,504.56625886613097,MFH,275,138755.72118818603
way/158331647,apartments,,258.7059892582088,3.0,776.1179677746263,MFH,350,271641.2887211192
way/158331649,apartments,,291.71928591302924,3.0,875.1578577390877,MFH,275,240668.41087824912
way/158331651,apartments,,199.61072271156897,3.0,598.8321681347069,MFH,275,164678.8462370444
way/158331653,apartments,,60.89004456360449,3.0,182.6701336908135,MFH,150,27400.52005362202
way/158331655,apartments,,265.18219171710547,3.0,795.5465751513163,MFH,350,278441.3013029607
way/158331668,apartments,,91.00806849949166,3.0,273.024205498475,MFH,275,75081.65651208062
way/158659274,apartments,3.0,134.5897909226655,3.0,403.76937276799646,MFH,150,60565.405915199466
way/158659292,apartments,3.0,164.98025285105484,3.0,494.9407585531645,MFH,350,173229.26549360759
way/158659295,apartments,,142.35941006000837,3.0,427.0782301800251,MFH,350,149477.3805630088
way/158659303,apartments,5.0,115.76849479686926,5.0,578.8424739843463,MFH,350,202594.8658945212
way/158659321,apartments,6.0,132.00574942339676,6.0,792.0344965403806,MFH,150,118805.17448105708
way/158659324,apartments,5.0,204.31820317686365,5.0,1021.5910158843184,MFH,275,280937.52936818753
way/158659340,apartments,3.0,110.80796444879248,3.0,332.42389334637744,MFH,350,116348.3626712321
way/158659347,apartments,,125.01862105171917,3.0,375.0558631551575,MFH,350,131269.55210430513
way/158663345,house,,85.55440098963483,3.0,256.6632029689045,MFH,150,38499.48044533568
way/158663366,apartments,,86.01053018529052,3.0,258.0315905558716,MFH,350,90311.05669455507
way/158663372,apartments,4.0,465.4872241647494,4.0,1861.9488966589977,MFH,275,512035.9465812244
way/158663402,apartments,,58.14405474614119,3.0,174.43216423842355,MFH,150,26164.824635763533
way/158663413,apartments,,225.95064351543684,3.0,677.8519305463105,MFH,350,237248.1756912087
way/158663430,apartments,,88.65857970584284,3.0,265.9757391175285,MFH,150,39896.36086762928
way/158691687,apartments,,81.29959244748748,3.0,243.89877734246244,MFH,350,85364.57206986185
way/158751380,apartments,,118.425182456033,3.0,355.27554736809907,MFH,275,97700.77552622724
way/158751407,apartments,,82.3675385383519,3.0,247.1026156150557,MFH,150,37065.392342258354
way/158751441,apartments,,118.74433709549189,3.0,356.23301128647563,MFH,350,124681.55395026648
way/158751461,apartments,,60.49389840244529,3.0,181.48169520733583,MFH,350,63518.59332256754
way/158755141,apartments,,395.0935252628146,3.0,1185.280575788444,MFH,150,177792.08636826658
way/158755150,apartments,,95.37713130122503,3.0,286.13139390367513,MFH,275,78686.13332351066
way/158755151,house,,79.61408090147935,3.0,238.8422427044381,MFH,350,83594.78494655334
way/158755171,house,,69.15136493174394,3.0,207.4540947952318,MFH,350,72608.93317833114
way/158833025,apartments,,163.24790049637363,3.0,489.7437014891209,MFH,350,171410.2955211923
way/158833039,apartments,,106.76921641617642,3.0,320.3076492485293,MFH,350,112107.67723698526
way/158916654,apartments,,79.44584058772764,3.0,238.3375217631829,MFH,150,35750.62826447743
way/158921859,apartments,,68.48469428441142,3.0,205.45408285323424,MFH,150,30818.112427985136
way/158921905,apartments,3.0,164.6071620599336,3.0,493.8214861798008,MFH,350,172837.52016293028
way/158926968,apartments,,105.28926305707044,3.0,315.8677891712113,MFH,275,86863.6420220831
way/158926980,apartments,,119.78060059363344,3.0,359.3418017809003,MFH,275,98818.99548974758
way/158926988,apartments,,48.82404680588223,3.0,146.4721404176467,MFH,150,21970.821062647006
way/158926990,apartments,,99.8830227558991,3.0,299.6490682676973,MFH,150,44947.360240154594
way/158926995,apartments,,53.99329903466623,3.0,161.9798971039987,MFH,150,24296.984565599803
way/158926996,apartments,,99.82074975055882,3.0,299.46224925167644,MFH,350,104811.78723808675
way/158927008,apartments,,315.7455108620768,3.0,947.2365325862304,MFH,150,142085.47988793455
way/158927010,apartments,,132.46031940928862,3.0,397.38095822786585,MFH,350,139083.33537975306
way/158927027,apartments,,209.46917045751556,3.0,628.4075113725467,MFH,350,219942.62898039134
way/159038222,apartments,,61.50847321156439,3.0,184.52541963469315,MFH,350,64583.896872142606
way/159038225,apartments,,101.29157345597888,3.0,303.8747203679367,MFH,350,106356.15212877783
way/159038227,apartments,,108.78292731815688,3.0,326.3487819544706,MFH,275,89745.91503747941
way/159038236,apartments,,194.57774188169705,3.0,583.7332256450911,MFH,350,204306.6289757819
way/159038237,apartments,,75.08148441375204,3.0,225.2444532412561,MFH,275,61942.22464134543
way/159038262,apartments,,97.99805902652471,3.0,293.9941770795741,MFH,350,102897.96197785094
way/159038274,apartments,,147.26942847640584,3.0,441.8082854292175,MFH,350,154632.89990022613
way/159039197,apartments,9.0,5815.340773697961,9.0,52338.06696328164,MFH,275,14392968.414902452
way/225033330,apartments,3.0,115.01043527914052,3.0,345.03130583742154,MFH,350,120760.95704309754
way/227791578,apartments,,158.36531227818583,3.0,475.0959368345576,MFH,350,166283.57789209517
way/227791586,apartments,,109.16760024182447,3.0,327.50280072547343,MFH,350,114625.9802539157
way/227791610,apartments,,82.2978213104362,3.0,246.89346393130864,MFH,275,67895.70258110987
way/227791620,apartments,,104.12025408304604,3.0,312.36076224913813,MFH,275,85899.20961851299
way/227791629,apartments,,84.6408906444011,3.0,253.92267193320328,MFH,350,88872.93517662115
way/227791633,apartments,,83.73018664231307,3.0,251.1905599269392,MFH,350,87916.69597442872
way/227791643,apartments,,103.50105720735148,3.0,310.5031716220544,MFH,350,108676.11006771906
way/227791652,apartments,,328.14459670846315,3.0,984.4337901253896,MFH,350,344551.82654388633
way/227791703,apartments,3.0,97.39804684869304,3.0,292.1941405460791,MFH,350,102267.94919112769
way/227791747,apartments,,228.73123207644772,3.0,686.1936962293432,MFH,275,188703.2664630694
way/227791752,apartments,,124.55530191119531,3.0,373.665905733586,MFH,350,130783.0670067551
way/227791753,apartments,,93.92775102032024,3.0,281.7832530609607,MFH,275,77490.3945917642
way/227791758,apartments,,146.5679177499131,3.0,439.7037532497393,MFH,350,153896.31363740875
way/227791760,apartments,,83.50822186529925,3.0,250.52466559589772,MFH,350,87683.6329585642
way/227791761,apartments,,124.61914697490452,3.0,373.8574409247135,MFH,350,130850.10432364972
way/227791766,apartments,,208.91359141026027,3.0,626.7407742307807,MFH,275,172353.7129134647
way/227791787,apartments,,112.8852981391466,3.0,338.6558944174398,MFH,350,118529.56304610394
way/227791803,apartments,,69.8823078850772,3.0,209.6469236552316,MFH,275,57652.90400518869
way/227791804,apartments,,66.54610434957846,3.0,199.63831304873537,MFH,275,54900.53608840223
way/227791818,apartments,,85.83315911047282,3.0,257.49947733141846,MFH,350,90124.81706599647
way/227791829,apartments,,124.2482623394856,3.0,372.7447870184568,MFH,350,130460.67545645988
way/235898461,apartments,,49.48299695987467,3.0,148.448990879624,MFH,350,51957.146807868405
way/235898462,apartments,,53.81590513989782,3.0,161.44771541969345,MFH,350,56506.70039689271
way/235898463,apartments,,52.31265446725234,3.0,156.937963401757,MFH,350,54928.28719061495
way/235898464,apartments,,47.83930033331348,3.0,143.51790099994045,MFH,275,39467.42277498362
way/235898471,apartments,,21.24680095247265,3.0,63.74040285741796,MFH,350,22309.141000096286
way/235898476,apartments,,50.83314940102749,3.0,152.4994482030825,MFH,350,53374.80687107887
way/235898480,apartments,,52.83479665291048,3.0,158.50438995873142,MFH,150,23775.658493809715
way/235898482,apartments,,51.30933275340679,3.0,153.92799826022036,MFH,350,53874.799391077126
way/235898485,apartments,,52.893048612704895,3.0,158.6791458381147,MFH,275,43636.76510548154
way/235898488,apartments,,54.08610670087833,3.0,162.258320102635,MFH,350,56790.41203592225
way/236052726,apartments,,31.55680386109428,3.0,94.67041158328284,MFH,150,14200.561737492426
way/236071138,apartments,,46.25448902547872,3.0,138.76346707643614,MFH,350,48567.21347675265
way/236135335,apartments,,138.9342668941637,3.0,416.8028006824911,MFH,275,114620.77018768506
way/236236644,apartments,3.0,65.04743167432031,3.0,195.14229502296087,MFH,350,68299.8032580363
way/236275353,apartments,3.0,79.28424322660642,3.0,237.85272967981928,MFH,275,65409.500661950304
way/236306861,apartments,,101.50239631902352,3.0,304.5071889570706,MFH,275,83739.47696319441
way/236306882,apartments,,127.09234793461216,3.0,381.2770438038365,MFH,275,104851.18704605503
way/237095646,apartments,,119.42860128289004,3.0,358.2858038486701,MFH,275,98528.59605838428
way/237341154,apartments,,123.5134040228876,3.0,370.54021206866287,MFH,275,101898.5583188823
way/237964635,apartments,,75.2687997645667,3.0,225.80639929370008,MFH,350,79032.23975279502
way/237964644,apartments,2.0,38.12197002052654,2.0,76.24394004105308,MFH,150,11436.591006157962
way/238046532,house,,70.16106958420858,3.0,210.48320875262573,MFH,350,73669.123063419
way/238130248,apartments,4.0,100.99464217668915,4.0,403.9785687067566,MFH,275,111094.10639435807
way/238132662,apartments,4.0,161.84532008780604,4.0,647.3812803512242,MFH,350,226583.44812292847
way/238252969,apartments,7.0,301.5610863392094,7.0,2110.927604374466,MFH,350,738824.661531063
way/238323994,apartments,,99.0572675516816,3.0,297.1718026550448,MFH,150,44575.770398256725
way/238323995,apartments,3.0,97.80052979871007,3.0,293.40158939613025,MFH,350,102690.55628864559
way/238323996,apartments,3.0,130.46500166206113,3.0,391.3950049861834,MFH,275,107633.62637120043
way/238323997,apartments,3.0,84.53839206812125,3.0,253.61517620436376,MFH,150,38042.276430654565
way/238323998,apartments,4.0,141.52322949904877,4.0,566.0929179961951,MFH,275,155675.55244895365
way/238323999,apartments,4.0,183.78100755779496,4.0,735.1240302311799,MFH,350,257293.41058091295
way/238324009,apartments,,85.23604066989564,3.0,255.7081220096869,MFH,350,89497.84270339042
way/238324011,apartments,,138.746730782975,3.0,416.240192348925,MFH,350,145684.06732212377
way/238478484,apartments,,118.46435908043442,3.0,355.3930772413033,MFH,275,97733.0962413584
way/238870352,apartments,,272.54066831398745,3.0,817.6220049419624,MFH,350,286167.7017296868
way/238870354,apartments,,144.9166120354304,3.0,434.7498361062912,MFH,350,152162.44263720192
way/238870355,apartments,,210.24942598616357,3.0,630.7482779584907,MFH,350,220761.89728547173
way/238870356,apartments,,174.16339168469497,3.0,522.490175054085,MFH,275,143684.79813987337
way/238870357,apartments,,137.54731946232002,3.0,412.64195838696,MFH,150,61896.293758044005
way/238870358,apartments,,117.07715839949032,3.0,351.231475198471,MFH,275,96588.65567957952
way/238870362,apartments,,145.4635849010051,3.0,436.3907547030154,MFH,350,152736.7641460554
way/238881176,apartments,,60.630891668653945,3.0,181.89267500596185,MFH,275,50020.48562663951
way/238881179,apartments,,59.26855990957311,3.0,177.80567972871933,MFH,350,62231.98790505176
way/238899403,house,,47.85090235512541,3.0,143.55270706537624,MFH,350,50243.447472881686
way/239068749,house,4.0,157.6256337484945,4.0,630.5025349939779,MFH,150,94575.38024909668
way/239757578,apartments,,62.77776842627597,3.0,188.3333052788279,MFH,275,51791.65895167767
way/239865292,apartments,,63.98591211648971,3.0,191.95773634946912,MFH,275,52788.377496104
way/239869385,apartments,,72.27990910198577,3.0,216.8397273059573,MFH,275,59630.92500913826
way/239869386,apartments,,80.75703460256494,3.0,242.27110380769483,MFH,350,84794.88633269319
way/239932898,apartments,,259.99120240027605,3.0,779.9736072008282,MFH,150,116996.04108012423
way/512263423,apartments,3.0,109.48527217348816,3.0,328.45581652046445,MFH,275,90325.34954312773
way/681328617,apartments,,31.35533995931876,3.0,94.06601987795628,MFH,350,32923.1069572847
way/856751639,apartments,,14.468447589156032,3.0,43.4053427674681,MFH,350,15191.869968613835
way/875805171,apartments,5.0,335.2785475349704,5.0,1676.3927376748518,MFH,350,586737.4581861981
way/875805172,apartments,,995.7190725223016,3.0,2987.1572175669044,MFH,350,1045505.0261484166
way/875805173,apartments,8.0,887.628706619694,8.0,7101.029652957552,MFH,350,2485360.378535143
way/875805174,apartments,,533.6872764507775,3.0,1601.0618293523326,MFH,150,240159.27440284987
way/875805175,apartments,,824.9414415723479,3.0,2474.824324717044,MFH,350,866188.5136509654
way/951696859,apartments,3.0,46.30099161307979,3.0,138.90297483923936,MFH,150,20835.446225885906
way/967542027,apartments,,1455.8746077980752,3.0,4367.623823394226,MFH,150,655143.5735091339
way/972353994,apartments,,177.86784124077488,3.0,533.6035237223247,MFH,275,146740.96902363928
way/1056901978,apartments,,1261.301652618691,3.0,3783.904957856073,MFH,150,567585.743678411
way/1056901979,apartments,,152.8704922086717,3.0,458.6114766260151,MFH,350,160514.01681910528
way/1056901980,apartments,,131.03039985756317,3.0,393.0911995726895,MFH,350,137581.91985044134
way/1097293852,apartments,,132.77312479077924,3.0,398.3193743723377,MFH,350,139411.78103031818
way/1110719221,house,,55.19845021703803,3.0,165.59535065111407,MFH,350,57958.372727889924
way/1180393850,apartments,,233.22446517241207,3.0,699.6733955172363,MFH,350,244885.6884310327
way/1210777532,house,,78.53295631458005,3.0,235.59886894374011,MFH,150,35339.83034156102
way/1210777533,house,,99.59524101272928,3.0,298.7857230381878,MFH,350,104575.00306336574
way/1273542282,apartments,,152.16287438888847,3.0,456.48862316666543,MFH,350,159771.0181083329
way/1301695919,apartments,,1475.6277570307482,3.0,4426.883271092244,MFH,350,1549409.1448822855
way/1301695920,apartments,,166.68044983242297,3.0,500.0413494972689,MFH,350,175014.47232404412
way/1301695921,apartments,,263.49712209344995,3.0,790.4913662803499,MFH,350,276671.97819812247
way/1347284707,apartments,,100.67439194815265,3.0,302.0231758444579,MFH,350,105708.11154556027
way/1347284708,apartments,,90.72057908188312,3.0,272.1617372456494,MFH,350,95256.60803597729
way/1486365707,house,3.0,77.06019907254148,3.0,231.18059721762444,MFH,275,63574.66423484672
